{
  "num_runs": 5,
  "skipped": [],
  "runs": [
    {
      "seed": 0.0,
      "dense_accuracy": 0.8888,
      "imp_accuracy": 0.8979,
      "imp_sparsity": 0.8319318114700844,
      "posterior_jaccard_mean": 0.1349817904251281,
      "random_jaccard_mean": 0.09168654741056463,
      "posterior_minus_random_jaccard": 0.04329524301456346,
      "jaccard_cohens_d": 70.42891474629407,
      "mannwhitney_greater_pvalue": 1.0302248767086435e-07,
      "dense_magnitude_to_imp_jaccard": 0.1458304496092816,
      "initial_magnitude_to_imp_jaccard": 0.157688640264446,
      "rewind_magnitude_to_imp_jaccard": 0.18114485102408778,
      "snip_to_imp_jaccard": 0.13046716905237807,
      "synflow_to_imp_jaccard": 0.1725212464589235,
      "posterior_to_dense_magnitude_jaccard_mean": 0.16451688186620034,
      "posterior_to_chain_start_magnitude_jaccard_mean": 0.9967372615505198,
      "chain_start_magnitude_to_imp_jaccard_mean": 0.1349902777085307,
      "state_num_clusters": 3.0,
      "function_num_clusters": 1.0,
      "sgld_sample_accuracy_mean": 0.8836700000000001,
      "sgld_sample_to_dense_prediction_agreement_mean": 0.8961399972438813,
      "sgld_sample_to_imp_prediction_agreement_mean": 0.8957800030708313,
      "sgld_chains": 1.0,
      "sgld_chain_start_accuracy_mean": 0.8828,
      "posterior_mean_abs_jaccard": 0.13496198429515144,
      "posterior_rms_jaccard": 0.13496198429515144,
      "posterior_snr_jaccard": 0.12994812994812996,
      "posterior_high_variance_jaccard": 0.09003196188515268,
      "posterior_low_variance_jaccard": 0.09161311978517311,
      "posterior_mean_abs_chainwise_jaccard": 0.13496198429515144,
      "posterior_rms_chainwise_jaccard": 0.13496198429515144,
      "posterior_snr_chainwise_jaccard": 0.12994812994812996,
      "posterior_high_variance_chainwise_jaccard": 0.09003196188515268,
      "posterior_low_variance_chainwise_jaccard": 0.09161311978517311,
      "dense_imp_linear_barrier": 3.533515838623047,
      "dense_sample_linear_barrier_mean": 3.696448615112305,
      "imp_sample_linear_barrier_mean": 2.9790020135498048
    },
    {
      "seed": 1.0,
      "dense_accuracy": 0.8852,
      "imp_accuracy": 0.8969,
      "imp_sparsity": 0.8319318114700844,
      "posterior_jaccard_mean": 0.13631173738277122,
      "random_jaccard_mean": 0.0918242593173556,
      "posterior_minus_random_jaccard": 0.044487478065415614,
      "jaccard_cohens_d": 71.88136269058045,
      "mannwhitney_greater_pvalue": 1.0300304148595518e-07,
      "dense_magnitude_to_imp_jaccard": 0.14911284419878348,
      "initial_magnitude_to_imp_jaccard": 0.15714430945966554,
      "rewind_magnitude_to_imp_jaccard": 0.17975228026533996,
      "snip_to_imp_jaccard": 0.13636420361657786,
      "synflow_to_imp_jaccard": 0.17051662746005425,
      "posterior_to_dense_magnitude_jaccard_mean": 0.1597248496265221,
      "posterior_to_chain_start_magnitude_jaccard_mean": 0.9970743944536007,
      "chain_start_magnitude_to_imp_jaccard_mean": 0.1361656996693493,
      "state_num_clusters": 3.0,
      "function_num_clusters": 2.0,
      "sgld_sample_accuracy_mean": 0.8867799999999999,
      "sgld_sample_to_dense_prediction_agreement_mean": 0.8936899960041046,
      "sgld_sample_to_imp_prediction_agreement_mean": 0.8952099978923798,
      "sgld_chains": 1.0,
      "sgld_chain_start_accuracy_mean": 0.8873,
      "posterior_mean_abs_jaccard": 0.13630748112560054,
      "posterior_rms_jaccard": 0.13630748112560054,
      "posterior_snr_jaccard": 0.1302566903331513,
      "posterior_high_variance_jaccard": 0.09091998226886629,
      "posterior_low_variance_jaccard": 0.09241197288704937,
      "posterior_mean_abs_chainwise_jaccard": 0.13630748112560054,
      "posterior_rms_chainwise_jaccard": 0.13630748112560054,
      "posterior_snr_chainwise_jaccard": 0.1302566903331513,
      "posterior_high_variance_chainwise_jaccard": 0.09091998226886629,
      "posterior_low_variance_chainwise_jaccard": 0.09241197288704937,
      "dense_imp_linear_barrier": 3.086797323608398,
      "dense_sample_linear_barrier_mean": 2.7921951068115236,
      "imp_sample_linear_barrier_mean": 2.5343386727905277
    },
    {
      "seed": 2.0,
      "dense_accuracy": 0.8861,
      "imp_accuracy": 0.9001,
      "imp_sparsity": 0.8319318114700844,
      "posterior_jaccard_mean": 0.13093892677889435,
      "random_jaccard_mean": 0.09185198015573008,
      "posterior_minus_random_jaccard": 0.03908694662316427,
      "jaccard_cohens_d": 64.82585329620666,
      "mannwhitney_greater_pvalue": 1.0295120040631001e-07,
      "dense_magnitude_to_imp_jaccard": 0.14213681860371774,
      "initial_magnitude_to_imp_jaccard": 0.15277883276364096,
      "rewind_magnitude_to_imp_jaccard": 0.17527556209504633,
      "snip_to_imp_jaccard": 0.13598143666259138,
      "synflow_to_imp_jaccard": 0.16481183002021133,
      "posterior_to_dense_magnitude_jaccard_mean": 0.16034553879746305,
      "posterior_to_chain_start_magnitude_jaccard_mean": 0.9966452828346505,
      "chain_start_magnitude_to_imp_jaccard_mean": 0.13105692672686847,
      "state_num_clusters": 3.0,
      "function_num_clusters": 3.0,
      "sgld_sample_accuracy_mean": 0.8853300000000001,
      "sgld_sample_to_dense_prediction_agreement_mean": 0.8936100006103516,
      "sgld_sample_to_imp_prediction_agreement_mean": 0.8936300039291382,
      "sgld_chains": 1.0,
      "sgld_chain_start_accuracy_mean": 0.8856,
      "posterior_mean_abs_jaccard": 0.1308883617531266,
      "posterior_rms_jaccard": 0.1308883617531266,
      "posterior_snr_jaccard": 0.12568765375628932,
      "posterior_high_variance_jaccard": 0.09195347163928529,
      "posterior_low_variance_jaccard": 0.09003196188515268,
      "posterior_mean_abs_chainwise_jaccard": 0.1308883617531266,
      "posterior_rms_chainwise_jaccard": 0.1308883617531266,
      "posterior_snr_chainwise_jaccard": 0.12568765375628932,
      "posterior_high_variance_chainwise_jaccard": 0.09195347163928529,
      "posterior_low_variance_chainwise_jaccard": 0.09003196188515268,
      "dense_imp_linear_barrier": 2.525308090209961,
      "dense_sample_linear_barrier_mean": 2.7608257373046876,
      "imp_sample_linear_barrier_mean": 2.6291362792968753
    },
    {
      "seed": 3.0,
      "dense_accuracy": 0.8842,
      "imp_accuracy": 0.8978,
      "imp_sparsity": 0.8319318114700844,
      "posterior_jaccard_mean": 0.1374700054721004,
      "random_jaccard_mean": 0.09181981559710803,
      "posterior_minus_random_jaccard": 0.045650189874992364,
      "jaccard_cohens_d": 67.41002820370419,
      "mannwhitney_greater_pvalue": 1.0299007911436624e-07,
      "dense_magnitude_to_imp_jaccard": 0.15295398718630504,
      "initial_magnitude_to_imp_jaccard": 0.160255348428282,
      "rewind_magnitude_to_imp_jaccard": 0.18395527239630738,
      "snip_to_imp_jaccard": 0.14675398274667842,
      "synflow_to_imp_jaccard": 0.17636875694390616,
      "posterior_to_dense_magnitude_jaccard_mean": 0.16618426900693897,
      "posterior_to_chain_start_magnitude_jaccard_mean": 0.9967678731429517,
      "chain_start_magnitude_to_imp_jaccard_mean": 0.1374714251808177,
      "state_num_clusters": 3.0,
      "function_num_clusters": 3.0,
      "sgld_sample_accuracy_mean": 0.8816600000000001,
      "sgld_sample_to_dense_prediction_agreement_mean": 0.8934199988842011,
      "sgld_sample_to_imp_prediction_agreement_mean": 0.8926600039005279,
      "sgld_chains": 1.0,
      "sgld_chain_start_accuracy_mean": 0.8817,
      "posterior_mean_abs_jaccard": 0.13744300793204672,
      "posterior_rms_jaccard": 0.13744300793204672,
      "posterior_snr_jaccard": 0.13142232328127135,
      "posterior_high_variance_jaccard": 0.09160003356629944,
      "posterior_low_variance_jaccard": 0.09243818458843713,
      "posterior_mean_abs_chainwise_jaccard": 0.13744300793204672,
      "posterior_rms_chainwise_jaccard": 0.13744300793204672,
      "posterior_snr_chainwise_jaccard": 0.13142232328127135,
      "posterior_high_variance_chainwise_jaccard": 0.09160003356629944,