{
  "num_runs": 1,
  "skipped": [],
  "runs": [
    {
      "seed": 0.0,
      "dense_accuracy": 0.078125,
      "imp_accuracy": 0.07421875,
      "imp_sparsity": 0.25,
      "posterior_jaccard_mean": 0.9741913757905252,
      "random_jaccard_mean": 0.6004839731791856,
      "posterior_minus_random_jaccard": 0.3737074026113396,
      "jaccard_cohens_d": 131.06996611909392,
      "mannwhitney_greater_pvalue": 0.047619047619047616,
      "dense_magnitude_to_imp_jaccard": 0.9900875087121506,
      "initial_magnitude_to_imp_jaccard": 0.9876247196225539,
      "snip_to_imp_jaccard": 0.761464116800329,
      "synflow_to_imp_jaccard": 0.9141899441340782,
      "posterior_to_dense_magnitude_jaccard_mean": 0.9760126037209684,
      "posterior_to_chain_start_magnitude_jaccard_mean": 0.9760126037209684,
      "chain_start_magnitude_to_imp_jaccard_mean": 0.9900875087121506,
      "state_num_clusters": 2.0,
      "function_num_clusters": 2.0,
      "sgld_sample_accuracy_mean": 0.078125,
      "sgld_sample_to_dense_prediction_agreement_mean": 0.97265625,
      "sgld_sample_to_imp_prediction_agreement_mean": 0.96484375,
      "sgld_chains": 1.0,
      "sgld_chain_start_accuracy_mean": 0.078125,
      "posterior_mean_abs_jaccard": 0.9746426924850161,
      "posterior_rms_jaccard": 0.9746426924850161,
      "posterior_snr_jaccard": 0.8161130742049469,
      "posterior_high_variance_jaccard": 0.603719420868697,
      "posterior_low_variance_jaccard": 0.5986314152410576,
      "posterior_mean_abs_chainwise_jaccard": 0.9746426924850161,
      "posterior_rms_chainwise_jaccard": 0.9746426924850161,
      "posterior_snr_chainwise_jaccard": 0.8161130742049469,
      "posterior_high_variance_chainwise_jaccard": 0.603719420868697,
      "posterior_low_variance_chainwise_jaccard": 0.5986314152410576,
      "dense_imp_linear_barrier": 0.0,
      "dense_sample_linear_barrier_mean": 0.0,
      "imp_sample_linear_barrier_mean": 0.0
    }
  ],
  "summary": {
    "seed": {
      "mean": 0.0,
      "std": 0.0,
      "min": 0.0,
      "max": 0.0
    },
    "dense_accuracy": {
      "mean": 0.078125,
      "std": 0.0,
      "min": 0.078125,
      "max": 0.078125
    },
    "imp_accuracy": {
      "mean": 0.07421875,
      "std": 0.0,
      "min": 0.07421875,
      "max": 0.07421875
    },
    "imp_sparsity": {
      "mean": 0.25,
      "std": 0.0,
      "min": 0.25,
      "max": 0.25
    },
    "posterior_jaccard_mean": {
      "mean": 0.9741913757905252,
      "std": 0.0,
      "min": 0.9741913757905252,
      "max": 0.9741913757905252
    },
    "random_jaccard_mean": {
      "mean": 0.6004839731791856,
      "std": 0.0,
      "min": 0.6004839731791856,
      "max": 0.6004839731791856
    },
    "posterior_minus_random_jaccard": {
      "mean": 0.3737074026113396,
      "std": 0.0,
      "min": 0.3737074026113396,
      "max": 0.3737074026113396
    },
    "jaccard_cohens_d": {
      "mean": 131.06996611909392,
      "std": 0.0,
      "min": 131.06996611909392,
      "max": 131.06996611909392
    },
    "mannwhitney_greater_pvalue": {
      "mean": 0.047619047619047616,
      "std": 0.0,
      "min": 0.047619047619047616,
      "max": 0.047619047619047616
    },
    "dense_magnitude_to_imp_jaccard": {
      "mean": 0.9900875087121506,
      "std": 0.0,
      "min": 0.9900875087121506,
      "max": 0.9900875087121506
    },
    "initial_magnitude_to_imp_jaccard": {
      "mean": 0.9876247196225539,
      "std": 0.0,
      "min": 0.9876247196225539,
      "max": 0.9876247196225539
    },
    "snip_to_imp_jaccard": {
      "mean": 0.761464116800329,
      "std": 0.0,
      "min": 0.761464116800329,
      "max": 0.761464116800329
    },
    "synflow_to_imp_jaccard": {
      "mean": 0.9141899441340782,
      "std": 0.0,
      "min": 0.9141899441340782,
      "max": 0.9141899441340782
    },
    "posterior_to_dense_magnitude_jaccard_mean": {
      "mean": 0.9760126037209684,
      "std": 0.0,
      "min": 0.9760126037209684,
      "max": 0.9760126037209684
    },
    "posterior_to_chain_start_magnitude_jaccard_mean": {
      "mean": 0.9760126037209684,
      "std": 0.0,
      "min": 0.9760126037209684,
      "max": 0.9760126037209684
    },
    "chain_start_magnitude_to_imp_jaccard_mean": {
      "mean": 0.9900875087121506,
      "std": 0.0,
      "min": 0.9900875087121506,
      "max": 0.9900875087121506
    },
    "state_num_clusters": {
      "mean": 2.0,
      "std": 0.0,
      "min": 2.0,
      "max": 2.0
    },
    "function_num_clusters": {
      "mean": 2.0,
      "std": 0.0,
      "min": 2.0,
      "max": 2.0
    },
    "sgld_sample_accuracy_mean": {
      "mean": 0.078125,
      "std": 0.0,
      "min": 0.078125,
      "max": 0.078125
    },
    "sgld_sample_to_dense_prediction_agreement_mean": {
      "mean": 0.97265625,
      "std": 0.0,
      "min": 0.97265625,
      "max": 0.97265625
    },
    "sgld_sample_to_imp_prediction_agreement_mean": {
      "mean": 0.96484375,
      "std": 0.0,
      "min": 0.96484375,
      "max": 0.96484375
    },
    "sgld_chains": {
      "mean": 1.0,
      "std": 0.0,
      "min": 1.0,
      "max": 1.0
    },
    "sgld_chain_start_accuracy_mean": {
      "mean": 0.078125,
      "std": 0.0,
      "min": 0.078125,
      "max": 0.078125
    },
    "posterior_mean_abs_jaccard": {
      "mean": 0.9746426924850161,
      "std": 0.0,
      "min": 0.9746426924850161,
      "max": 0.9746426924850161
    },
    "posterior_rms_jaccard": {
      "mean": 0.9746426924850161,
      "std": 0.0,
      "min": 0.9746426924850161,
      "max": 0.9746426924850161
    },
    "posterior_snr_jaccard": {
      "mean": 0.8161130742049469,
      "std": 0.0,
      "min": 0.8161130742049469,
      "max": 0.8161130742049469
    },
    "posterior_high_variance_jaccard": {
      "mean": 0.603719420868697,
      "std": 0.0,
      "min": 0.603719420868697,
      "max": 0.603719420868697
    },
    "posterior_low_variance_jaccard": {
      "mean": 0.5986314152410576,
      "std": 0.0,
      "min": 0.5986314152410576,
      "max": 0.5986314152410576
    },
    "posterior_mean_abs_chainwise_jaccard": {
      "mean": 0.9746426924850161,
      "std": 0.0,
      "min": 0.9746426924850161,
      "max": 0.9746426924850161
    },
    "posterior_rms_chainwise_jaccard": {
      "mean": 0.9746426924850161,
      "std": 0.0,
      "min": 0.9746426924850161,
      "max": 0.9746426924850161
    },
    "posterior_snr_chainwise_jaccard": {
      "mean": 0.8161130742049469,
      "std": 0.0,
      "min": 0.8161130742049469,
      "max": 0.8161130742049469
    },
    "posterior_high_variance_chainwise_jaccard": {
      "mean": 0.603719420868697,
      "std": 0.0,
      "min": 0.603719420868697,
      "max": 0.603719420868697
    },
    "posterior_low_variance_chainwise_jaccard": {
      "mean": 0.5986314152410576,
      "std": 0.0,
      "min": 0.5986314152410576,
      "max": 0.5986314152410576
    },
    "dense_imp_linear_barrier": {
      "mean": 0.0,
      "std": 0.0,
      "min": 0.0,
      "max": 0.0
    },
    "dense_sample_linear_barrier_mean": {
      "mean": 0.0,
      "std": 0.0,
      "min": 0.0,
      "max": 0.0
    },
    "imp_sample_linear_barrier_mean": {
      "mean": 0.0,
      "std": 0.0,
      "min": 0.0,
      "max": 0.0
    }
  }
}