{
  "num_runs": 1,
  "runs": [
    {
      "seed": 0.0,
      "dense_accuracy": 0.7694444444444445,
      "imp_accuracy": 0.7833333333333333,
      "imp_sparsity": 0.5101351351351351,
      "posterior_jaccard_mean": 0.4677252583069874,
      "random_jaccard_mean": 0.32656404684520424,
      "posterior_minus_random_jaccard": 0.14116121146178318,
      "jaccard_cohens_d": 8.797983503925087,
      "mannwhitney_greater_pvalue": 3.610271934521813e-07,
      "dense_magnitude_to_imp_jaccard": 0.8892508143322475,
      "initial_magnitude_to_imp_jaccard": 0.4180929095354523,
      "chain_start_magnitude_to_imp_jaccard_mean": 0.8892508143322475,
      "posterior_to_chain_start_magnitude_jaccard_mean": 0.4607898723330548,
      "state_num_clusters": 3.0,
      "function_num_clusters": 3.0,
      "hmc_accept_rate": 0.99375,
      "hmc_sample_accuracy_mean": 0.9030555555555555,
      "hmc_sample_to_dense_prediction_agreement_mean": 0.786944454908371,
      "hmc_sample_to_imp_prediction_agreement_mean": 0.7922222316265106,
      "hmc_step_size": 0.005,
      "hmc_leapfrog_steps": 4.0,
      "hmc_energy_first": 935.3696899414062,
      "hmc_energy_last": 217.1107177734375
    }
  ],
  "summary": {
    "seed": {
      "mean": 0.0,
      "std": 0.0,
      "min": 0.0,
      "max": 0.0
    },
    "dense_accuracy": {
      "mean": 0.7694444444444445,
      "std": 0.0,
      "min": 0.7694444444444445,
      "max": 0.7694444444444445
    },
    "imp_accuracy": {
      "mean": 0.7833333333333333,
      "std": 0.0,
      "min": 0.7833333333333333,
      "max": 0.7833333333333333
    },
    "imp_sparsity": {
      "mean": 0.5101351351351351,
      "std": 0.0,
      "min": 0.5101351351351351,
      "max": 0.5101351351351351
    },
    "posterior_jaccard_mean": {
      "mean": 0.4677252583069874,
      "std": 0.0,
      "min": 0.4677252583069874,
      "max": 0.4677252583069874
    },
    "random_jaccard_mean": {
      "mean": 0.32656404684520424,
      "std": 0.0,
      "min": 0.32656404684520424,
      "max": 0.32656404684520424
    },
    "posterior_minus_random_jaccard": {
      "mean": 0.14116121146178318,
      "std": 0.0,
      "min": 0.14116121146178318,
      "max": 0.14116121146178318
    },
    "jaccard_cohens_d": {
      "mean": 8.797983503925087,
      "std": 0.0,
      "min": 8.797983503925087,
      "max": 8.797983503925087
    },
    "mannwhitney_greater_pvalue": {
      "mean": 3.610271934521813e-07,
      "std": 0.0,
      "min": 3.610271934521813e-07,
      "max": 3.610271934521813e-07
    },
    "dense_magnitude_to_imp_jaccard": {
      "mean": 0.8892508143322475,
      "std": 0.0,
      "min": 0.8892508143322475,
      "max": 0.8892508143322475
    },
    "initial_magnitude_to_imp_jaccard": {
      "mean": 0.4180929095354523,
      "std": 0.0,
      "min": 0.4180929095354523,
      "max": 0.4180929095354523
    },
    "chain_start_magnitude_to_imp_jaccard_mean": {
      "mean": 0.8892508143322475,
      "std": 0.0,
      "min": 0.8892508143322475,
      "max": 0.8892508143322475
    },
    "posterior_to_chain_start_magnitude_jaccard_mean": {
      "mean": 0.4607898723330548,
      "std": 0.0,
      "min": 0.4607898723330548,
      "max": 0.4607898723330548
    },
    "state_num_clusters": {
      "mean": 3.0,
      "std": 0.0,
      "min": 3.0,
      "max": 3.0
    },
    "function_num_clusters": {
      "mean": 3.0,
      "std": 0.0,
      "min": 3.0,
      "max": 3.0
    },
    "hmc_accept_rate": {
      "mean": 0.99375,
      "std": 0.0,
      "min": 0.99375,
      "max": 0.99375
    },
    "hmc_sample_accuracy_mean": {
      "mean": 0.9030555555555555,
      "std": 0.0,
      "min": 0.9030555555555555,
      "max": 0.9030555555555555
    },
    "hmc_sample_to_dense_prediction_agreement_mean": {
      "mean": 0.786944454908371,
      "std": 0.0,
      "min": 0.786944454908371,
      "max": 0.786944454908371
    },
    "hmc_sample_to_imp_prediction_agreement_mean": {
      "mean": 0.7922222316265106,
      "std": 0.0,
      "min": 0.7922222316265106,
      "max": 0.7922222316265106
    },
    "hmc_step_size": {
      "mean": 0.005,
      "std": 0.0,
      "min": 0.005,
      "max": 0.005
    },
    "hmc_leapfrog_steps": {
      "mean": 4.0,
      "std": 0.0,
      "min": 4.0,
      "max": 4.0
    },
    "hmc_energy_first": {
      "mean": 935.3696899414062,
      "std": 0.0,
      "min": 935.3696899414062,
      "max": 935.3696899414062
    },
    "hmc_energy_last": {
      "mean": 217.1107177734375,
      "std": 0.0,
      "min": 217.1107177734375,
      "max": 217.1107177734375
    }
  }
}