{
  "num_runs": 1,
  "skipped": [],
  "runs": [
    {
      "seed": 0.0,
      "dense_accuracy": 0.115234375,
      "imp_accuracy": 0.09765625,
      "imp_sparsity": 0.25,
      "posterior_jaccard_mean": 0.9756343516705813,
      "random_jaccard_mean": 0.6003841962401253,
      "posterior_minus_random_jaccard": 0.37525015543045603,
      "jaccard_cohens_d": 117.10984870317881,
      "mannwhitney_greater_pvalue": 0.047619047619047616,
      "dense_magnitude_to_imp_jaccard": 0.9970469381411253,
      "initial_magnitude_to_imp_jaccard": 0.9931745908632591,
      "snip_to_imp_jaccard": 0.7657001511611928,
      "synflow_to_imp_jaccard": 0.9160453325380257,
      "posterior_to_dense_magnitude_jaccard_mean": 0.9761673631248066,
      "posterior_to_chain_start_magnitude_jaccard_mean": 0.9761673631248066,
      "chain_start_magnitude_to_imp_jaccard_mean": 0.9970469381411253,
      "state_num_clusters": 2.0,
      "function_num_clusters": 2.0,
      "sgld_sample_accuracy_mean": 0.09765625,
      "sgld_sample_to_dense_prediction_agreement_mean": 0.087890625,
      "sgld_sample_to_imp_prediction_agreement_mean": 0.892578125,
      "sgld_chains": 1.0,
      "sgld_chain_start_accuracy_mean": 0.115234375,
      "posterior_mean_abs_jaccard": 0.9766171832935928,
      "posterior_rms_jaccard": 0.9766171832935928,
      "posterior_snr_jaccard": 0.8144460919296759,
      "posterior_high_variance_jaccard": 0.600622858922454,
      "posterior_low_variance_jaccard": 0.5968433480395203,
      "posterior_mean_abs_chainwise_jaccard": 0.9766171832935928,
      "posterior_rms_chainwise_jaccard": 0.9766171832935928,
      "posterior_snr_chainwise_jaccard": 0.8144460919296759,
      "posterior_high_variance_chainwise_jaccard": 0.600622858922454,
      "posterior_low_variance_chainwise_jaccard": 0.5968433480395203,
      "dense_imp_linear_barrier": 0.0,
      "dense_sample_linear_barrier_mean": 0.0,
      "imp_sample_linear_barrier_mean": 0.0
    }
  ],
  "summary": {
    "seed": {
      "mean": 0.0,
      "std": 0.0,
      "min": 0.0,
      "max": 0.0
    },
    "dense_accuracy": {
      "mean": 0.115234375,
      "std": 0.0,
      "min": 0.115234375,
      "max": 0.115234375
    },
    "imp_accuracy": {
      "mean": 0.09765625,
      "std": 0.0,
      "min": 0.09765625,
      "max": 0.09765625
    },
    "imp_sparsity": {
      "mean": 0.25,
      "std": 0.0,
      "min": 0.25,
      "max": 0.25
    },
    "posterior_jaccard_mean": {
      "mean": 0.9756343516705813,
      "std": 0.0,
      "min": 0.9756343516705813,
      "max": 0.9756343516705813
    },
    "random_jaccard_mean": {
      "mean": 0.6003841962401253,
      "std": 0.0,
      "min": 0.6003841962401253,
      "max": 0.6003841962401253
    },
    "posterior_minus_random_jaccard": {
      "mean": 0.37525015543045603,
      "std": 0.0,
      "min": 0.37525015543045603,
      "max": 0.37525015543045603
    },
    "jaccard_cohens_d": {
      "mean": 117.10984870317881,
      "std": 0.0,
      "min": 117.10984870317881,
      "max": 117.10984870317881
    },
    "mannwhitney_greater_pvalue": {
      "mean": 0.047619047619047616,
      "std": 0.0,
      "min": 0.047619047619047616,
      "max": 0.047619047619047616
    },
    "dense_magnitude_to_imp_jaccard": {
      "mean": 0.9970469381411253,
      "std": 0.0,
      "min": 0.9970469381411253,
      "max": 0.9970469381411253
    },
    "initial_magnitude_to_imp_jaccard": {
      "mean": 0.9931745908632591,
      "std": 0.0,
      "min": 0.9931745908632591,
      "max": 0.9931745908632591
    },
    "snip_to_imp_jaccard": {
      "mean": 0.7657001511611928,
      "std": 0.0,
      "min": 0.7657001511611928,
      "max": 0.7657001511611928
    },
    "synflow_to_imp_jaccard": {
      "mean": 0.9160453325380257,
      "std": 0.0,
      "min": 0.9160453325380257,
      "max": 0.9160453325380257
    },
    "posterior_to_dense_magnitude_jaccard_mean": {
      "mean": 0.9761673631248066,
      "std": 0.0,
      "min": 0.9761673631248066,
      "max": 0.9761673631248066
    },
    "posterior_to_chain_start_magnitude_jaccard_mean": {
      "mean": 0.9761673631248066,
      "std": 0.0,
      "min": 0.9761673631248066,
      "max": 0.9761673631248066
    },
    "chain_start_magnitude_to_imp_jaccard_mean": {
      "mean": 0.9970469381411253,
      "std": 0.0,
      "min": 0.9970469381411253,
      "max": 0.9970469381411253
    },
    "state_num_clusters": {
      "mean": 2.0,
      "std": 0.0,
      "min": 2.0,
      "max": 2.0
    },
    "function_num_clusters": {
      "mean": 2.0,
      "std": 0.0,
      "min": 2.0,
      "max": 2.0
    },
    "sgld_sample_accuracy_mean": {
      "mean": 0.09765625,
      "std": 0.0,
      "min": 0.09765625,
      "max": 0.09765625
    },
    "sgld_sample_to_dense_prediction_agreement_mean": {
      "mean": 0.087890625,
      "std": 0.0,
      "min": 0.087890625,
      "max": 0.087890625
    },
    "sgld_sample_to_imp_prediction_agreement_mean": {
      "mean": 0.892578125,
      "std": 0.0,
      "min": 0.892578125,
      "max": 0.892578125
    },
    "sgld_chains": {
      "mean": 1.0,
      "std": 0.0,
      "min": 1.0,
      "max": 1.0
    },
    "sgld_chain_start_accuracy_mean": {
      "mean": 0.115234375,
      "std": 0.0,
      "min": 0.115234375,
      "max": 0.115234375
    },
    "posterior_mean_abs_jaccard": {
      "mean": 0.9766171832935928,
      "std": 0.0,
      "min": 0.9766171832935928,
      "max": 0.9766171832935928
    },
    "posterior_rms_jaccard": {
      "mean": 0.9766171832935928,
      "std": 0.0,
      "min": 0.9766171832935928,
      "max": 0.9766171832935928
    },
    "posterior_snr_jaccard": {
      "mean": 0.8144460919296759,
      "std": 0.0,
      "min": 0.8144460919296759,
      "max": 0.8144460919296759
    },
    "posterior_high_variance_jaccard": {
      "mean": 0.600622858922454,
      "std": 0.0,
      "min": 0.600622858922454,
      "max": 0.600622858922454
    },
    "posterior_low_variance_jaccard": {
      "mean": 0.5968433480395203,
      "std": 0.0,
      "min": 0.5968433480395203,
      "max": 0.5968433480395203
    },
    "posterior_mean_abs_chainwise_jaccard": {
      "mean": 0.9766171832935928,
      "std": 0.0,
      "min": 0.9766171832935928,
      "max": 0.9766171832935928
    },
    "posterior_rms_chainwise_jaccard": {
      "mean": 0.9766171832935928,
      "std": 0.0,
      "min": 0.9766171832935928,
      "max": 0.9766171832935928
    },
    "posterior_snr_chainwise_jaccard": {
      "mean": 0.8144460919296759,
      "std": 0.0,
      "min": 0.8144460919296759,
      "max": 0.8144460919296759
    },
    "posterior_high_variance_chainwise_jaccard": {
      "mean": 0.600622858922454,
      "std": 0.0,
      "min": 0.600622858922454,
      "max": 0.600622858922454
    },
    "posterior_low_variance_chainwise_jaccard": {
      "mean": 0.5968433480395203,
      "std": 0.0,
      "min": 0.5968433480395203,
      "max": 0.5968433480395203
    },
    "dense_imp_linear_barrier": {
      "mean": 0.0,
      "std": 0.0,
      "min": 0.0,
      "max": 0.0
    },
    "dense_sample_linear_barrier_mean": {
      "mean": 0.0,
      "std": 0.0,
      "min": 0.0,
      "max": 0.0
    },
    "imp_sample_linear_barrier_mean": {
      "mean": 0.0,
      "std": 0.0,
      "min": 0.0,
      "max": 0.0
    }
  }
}