{
  "num_runs": 5,
  "skipped": [],
  "runs": [
    {
      "seed": 0.0,
      "dense_accuracy": 0.8645,
      "imp_accuracy": 0.8712,
      "imp_sparsity": 0.8319295688720174,
      "posterior_jaccard_mean": 0.21316405018245393,
      "random_jaccard_mean": 0.09169914820609341,
      "posterior_minus_random_jaccard": 0.12146490197636052,
      "jaccard_cohens_d": 90.01751576490307,
      "mannwhitney_greater_pvalue": 3.7974905617451293e-32,
      "dense_magnitude_to_imp_jaccard": 0.5678602482017232,
      "initial_magnitude_to_imp_jaccard": 0.39339655778011945,
      "snip_to_imp_jaccard": 0.20610501352953695,
      "synflow_to_imp_jaccard": 0.38749956279948233,
      "posterior_to_dense_magnitude_jaccard_mean": 0.21943435817225426,
      "posterior_to_chain_start_magnitude_jaccard_mean": 0.9200018625238784,
      "chain_start_magnitude_to_imp_jaccard_mean": 0.2139308694222296,
      "state_num_clusters": 3.0,
      "function_num_clusters": 3.0,
      "sgld_sample_accuracy_mean": 0.8678549999999999,
      "sgld_sample_to_dense_prediction_agreement_mean": 0.9419416675964991,
      "sgld_sample_to_imp_prediction_agreement_mean": 0.9456683337688446,
      "sgld_chains": 3.0,
      "sgld_chain_start_accuracy_mean": 0.8605333333333333,
      "posterior_mean_abs_jaccard": 0.19179234513008472,
      "posterior_rms_jaccard": 0.28802883210493846,
      "posterior_snr_jaccard": 0.09274715588243396,
      "posterior_high_variance_jaccard": 0.24466616465863453,
      "posterior_low_variance_jaccard": 0.05536194099337572,
      "posterior_mean_abs_chainwise_jaccard": 0.21341069734344562,
      "posterior_rms_chainwise_jaccard": 0.21342303624375233,
      "posterior_snr_chainwise_jaccard": 0.1861526646231121,
      "posterior_high_variance_chainwise_jaccard": 0.09233627656033282,
      "posterior_low_variance_chainwise_jaccard": 0.09098424040007562,
      "dense_imp_linear_barrier": 0.0,
      "dense_sample_linear_barrier_mean": 0.7398384234619142,
      "imp_sample_linear_barrier_mean": 0.6371114419555663
    },
    {
      "seed": 1.0,
      "dense_accuracy": 0.8654,
      "imp_accuracy": 0.8691,
      "imp_sparsity": 0.8319295688720174,
      "posterior_jaccard_mean": 0.2096268262143948,
      "random_jaccard_mean": 0.09163627002797696,
      "posterior_minus_random_jaccard": 0.11799055618641784,
      "jaccard_cohens_d": 85.7607690546589,
      "mannwhitney_greater_pvalue": 3.803888849633614e-32,
      "dense_magnitude_to_imp_jaccard": 0.5240693073110761,
      "initial_magnitude_to_imp_jaccard": 0.39305404361414475,
      "snip_to_imp_jaccard": 0.20621503283872536,
      "synflow_to_imp_jaccard": 0.38493227202904623,
      "posterior_to_dense_magnitude_jaccard_mean": 0.21746945855588962,
      "posterior_to_chain_start_magnitude_jaccard_mean": 0.9215636888691018,
      "chain_start_magnitude_to_imp_jaccard_mean": 0.2103628474108851,
      "state_num_clusters": 3.0,
      "function_num_clusters": 3.0,
      "sgld_sample_accuracy_mean": 0.8686183333333335,
      "sgld_sample_to_dense_prediction_agreement_mean": 0.9435949991146724,
      "sgld_sample_to_imp_prediction_agreement_mean": 0.9403800010681153,
      "sgld_chains": 3.0,
      "sgld_chain_start_accuracy_mean": 0.8639,
      "posterior_mean_abs_jaccard": 0.19139862450070577,
      "posterior_rms_jaccard": 0.2814549213425073,
      "posterior_snr_jaccard": 0.09244623137719274,
      "posterior_high_variance_jaccard": 0.24228854163404628,
      "posterior_low_variance_jaccard": 0.05696472343600128,
      "posterior_mean_abs_chainwise_jaccard": 0.2095995101102909,
      "posterior_rms_chainwise_jaccard": 0.2095871998057763,
      "posterior_snr_chainwise_jaccard": 0.18500450634445167,
      "posterior_high_variance_chainwise_jaccard": 0.09169518941375217,
      "posterior_low_variance_chainwise_jaccard": 0.09132434044750644,
      "dense_imp_linear_barrier": 0.04580869750976557,
      "dense_sample_linear_barrier_mean": 0.8721657583618164,
      "imp_sample_linear_barrier_mean": 0.8624532023620606
    },
    {
      "seed": 2.0,
      "dense_accuracy": 0.8619,
      "imp_accuracy": 0.8732,
      "imp_sparsity": 0.8319295688720174,
      "posterior_jaccard_mean": 0.2100387679952557,
      "random_jaccard_mean": 0.0917008800697513,
      "posterior_minus_random_jaccard": 0.1183378879255044,
      "jaccard_cohens_d": 90.39812711505132,
      "mannwhitney_greater_pvalue": 3.7948801844480665e-32,
      "dense_magnitude_to_imp_jaccard": 0.5569684838494446,
      "initial_magnitude_to_imp_jaccard": 0.3913439955106622,
      "snip_to_imp_jaccard": 0.2096725010672684,
      "synflow_to_imp_jaccard": 0.3819892004877199,
      "posterior_to_dense_magnitude_jaccard_mean": 0.219107155505854,
      "posterior_to_chain_start_magnitude_jaccard_mean": 0.9228058449183977,
      "chain_start_magnitude_to_imp_jaccard_mean": 0.21100266576557203,
      "state_num_clusters": 3.0,
      "function_num_clusters": 3.0,
      "sgld_sample_accuracy_mean": 0.8683400000000001,
      "sgld_sample_to_dense_prediction_agreement_mean": 0.9423016687234242,
      "sgld_sample_to_imp_prediction_agreement_mean": 0.9501600017150243,
      "sgld_chains": 3.0,
      "sgld_chain_start_accuracy_mean": 0.8578333333333333,
      "posterior_mean_abs_jaccard": 0.18950524737631183,
      "posterior_rms_jaccard": 0.28444228589930387,
      "posterior_snr_jaccard": 0.0934399117971334,
      "posterior_high_variance_jaccard": 0.245682346291528,
      "posterior_low_variance_jaccard": 0.05806417197876937,
      "posterior_mean_abs_chainwise_jaccard": 0.21016540697728803,
      "posterior_rms_chainwise_jaccard": 0.21019003890312496,
      "posterior_snr_chainwise_jaccard": 0.18577222978474509,
      "posterior_high_variance_chainwise_jaccard": 0.0906046425365503,
      "posterior_low_variance_chainwise_jaccard": 0.09142850851407593,
      "dense_imp_linear_barrier": 0.007345147705078159,
      "dense_sample_linear_barrier_mean": 0.7567893853759766,
      "imp_sample_linear_barrier_mean": 0.8671811488342284
    },
    {
      "seed": 3.0,
      "dense_accuracy": 0.8649,
      "imp_accuracy": 0.8722,
      "imp_sparsity": 0.8319295688720174,
      "posterior_jaccard_mean": 0.20983324080500093,
      "random_jaccard_mean": 0.09188036301974027,
      "posterior_minus_random_jaccard": 0.11795287778526066,
      "jaccard_cohens_d": 105.76540779415738,
      "mannwhitney_greater_pvalue": 3.794610244912728e-32,
      "dense_magnitude_to_imp_jaccard": 0.46958583388901237,
      "initial_magnitude_to_imp_jaccard": 0.3954551850288448,
      "snip_to_imp_jaccard": 0.21007839428972333,
      "synflow_to_imp_jaccard": 0.3877907993702991,
      "posterior_to_dense_magnitude_jaccard_mean": 0.21327863538320424,
      "posterior_to_chain_start_magnitude_jaccard_mean": 0.9211920424122052,
      "chain_start_magnitude_to_imp_jaccard_mean": 0.21066959652939565,
      "state_num_clusters": 3.0,
      "function_num_clusters": 3.0,
      "sgld_sample_accuracy_mean": 0.8679300000000001,
      "sgld_sample_to_dense_prediction_agreement_mean": 0.9406933347384135,
      "sgld_sample_to_imp_prediction_agreement_mean": 0.9493449995915095,
      "sgld_chains": 3.0,
      "sgld_chain_start_accuracy_mean": 0.8622333333333333,
      "posterior_mean_abs_jaccard": 0.1911839774194517,
      "posterior_rms_jaccard": 0.28236625181832875,
      "posterior_snr_jaccard": 0.0949187160166708,
      "posterior_high_variance_jaccard": 0.24333981069391336,
      "posterior_low_variance_jaccard": 0.058261751053726725,
      "posterior_mean_abs_chainwise_jaccard": 0.20984483476955673,
      "posterior_rms_chainwise_jaccard": 0.20985714732801788,
      "posterior_snr_chainwise_jaccard": 0.18510089107512653,
      "posterior_high_variance_chainwise_jaccard": 0.09107500091507346,
      "posterior_low_variance_chainwise_jaccard": 0.09153485335643663,
      "dense_imp_linear_barrier": 0.09585744018554687,
      "dense_sample_linear_barrier_mean": 0.9267676065063476,