{
  "num_runs": 5,
  "skipped": [],
  "runs": [
    {
      "seed": 0.0,
      "dense_accuracy": 0.8645,
      "imp_accuracy": 0.8707,
      "imp_sparsity": 0.6569956616052061,
      "posterior_jaccard_mean": 0.2601608487412311,
      "random_jaccard_mean": 0.2069227674365303,
      "posterior_minus_random_jaccard": 0.053238081304700785,
      "jaccard_cohens_d": 48.98178198918334,
      "mannwhitney_greater_pvalue": 3.807949522584511e-32,
      "dense_magnitude_to_imp_jaccard": 0.6808188178628521,
      "initial_magnitude_to_imp_jaccard": 0.5133841782563182,
      "snip_to_imp_jaccard": 0.3297418040864595,
      "synflow_to_imp_jaccard": 0.5019293558919561,
      "posterior_to_dense_magnitude_jaccard_mean": 0.26302707730192176,
      "posterior_to_chain_start_magnitude_jaccard_mean": 0.9160685171032037,
      "chain_start_magnitude_to_imp_jaccard_mean": 0.25977065287051576,
      "state_num_clusters": 3.0,
      "function_num_clusters": 3.0,
      "sgld_sample_accuracy_mean": 0.8688366666666666,
      "sgld_sample_to_dense_prediction_agreement_mean": 0.9436966637770335,
      "sgld_sample_to_imp_prediction_agreement_mean": 0.9446449985106786,
      "sgld_chains": 3.0,
      "sgld_chain_start_accuracy_mean": 0.8621666666666666,
      "posterior_mean_abs_jaccard": 0.2529210579259328,
      "posterior_rms_jaccard": 0.2977478560551415,
      "posterior_snr_jaccard": 0.2050308848701347,
      "posterior_high_variance_jaccard": 0.279858355597009,
      "posterior_low_variance_jaccard": 0.16870930954340074,
      "posterior_mean_abs_chainwise_jaccard": 0.26010417292297533,
      "posterior_rms_chainwise_jaccard": 0.26009110123001966,
      "posterior_snr_chainwise_jaccard": 0.2546300580864471,
      "posterior_high_variance_chainwise_jaccard": 0.20684632380152013,
      "posterior_low_variance_chainwise_jaccard": 0.20616797979400425,
      "dense_imp_linear_barrier": 0.0,
      "dense_sample_linear_barrier_mean": 0.7464200143432617,
      "imp_sample_linear_barrier_mean": 0.7039611734008789
    },
    {
      "seed": 1.0,
      "dense_accuracy": 0.8654,
      "imp_accuracy": 0.8731,
      "imp_sparsity": 0.6569956616052061,
      "posterior_jaccard_mean": 0.25776614154679,
      "random_jaccard_mean": 0.2070979253009578,
      "posterior_minus_random_jaccard": 0.050668216245832204,
      "jaccard_cohens_d": 42.17689813886521,
      "mannwhitney_greater_pvalue": 3.805693073652296e-32,
      "dense_magnitude_to_imp_jaccard": 0.6293344603433355,
      "initial_magnitude_to_imp_jaccard": 0.5175257731958763,
      "snip_to_imp_jaccard": 0.3255832992222677,
      "synflow_to_imp_jaccard": 0.505308368815425,
      "posterior_to_dense_magnitude_jaccard_mean": 0.26177022893995533,
      "posterior_to_chain_start_magnitude_jaccard_mean": 0.9163995662721922,
      "chain_start_magnitude_to_imp_jaccard_mean": 0.2577620378065831,
      "state_num_clusters": 3.0,
      "function_num_clusters": 3.0,
      "sgld_sample_accuracy_mean": 0.8685083333333332,
      "sgld_sample_to_dense_prediction_agreement_mean": 0.9437850028276443,
      "sgld_sample_to_imp_prediction_agreement_mean": 0.9486349999904633,
      "sgld_chains": 3.0,
      "sgld_chain_start_accuracy_mean": 0.8649,
      "posterior_mean_abs_jaccard": 0.2532507739938081,
      "posterior_rms_jaccard": 0.29250614642868544,
      "posterior_snr_jaccard": 0.20823197576372618,
      "posterior_high_variance_jaccard": 0.2757240553402036,
      "posterior_low_variance_jaccard": 0.17214420153467497,
      "posterior_mean_abs_chainwise_jaccard": 0.2578595874143049,
      "posterior_rms_chainwise_jaccard": 0.25787258491891346,
      "posterior_snr_chainwise_jaccard": 0.25290187416631665,
      "posterior_high_variance_chainwise_jaccard": 0.20693015708437787,
      "posterior_low_variance_chainwise_jaccard": 0.2070752787354396,
      "dense_imp_linear_barrier": 0.020761080932617137,
      "dense_sample_linear_barrier_mean": 0.8483284774780273,
      "imp_sample_linear_barrier_mean": 0.8392916680908202
    },
    {
      "seed": 2.0,
      "dense_accuracy": 0.8619,
      "imp_accuracy": 0.8723,
      "imp_sparsity": 0.6569956616052061,
      "posterior_jaccard_mean": 0.2590661697732936,
      "random_jaccard_mean": 0.20706245537846754,
      "posterior_minus_random_jaccard": 0.05200371439482607,
      "jaccard_cohens_d": 49.47846814655746,
      "mannwhitney_greater_pvalue": 3.8019953085793e-32,
      "dense_magnitude_to_imp_jaccard": 0.6786928755080036,
      "initial_magnitude_to_imp_jaccard": 0.5167865707434053,
      "snip_to_imp_jaccard": 0.3261912952315429,
      "synflow_to_imp_jaccard": 0.5039102409302844,
      "posterior_to_dense_magnitude_jaccard_mean": 0.2612388895446082,
      "posterior_to_chain_start_magnitude_jaccard_mean": 0.9149744341293607,
      "chain_start_magnitude_to_imp_jaccard_mean": 0.25908539014911175,
      "state_num_clusters": 3.0,
      "function_num_clusters": 3.0,
      "sgld_sample_accuracy_mean": 0.8677366666666665,
      "sgld_sample_to_dense_prediction_agreement_mean": 0.9420116672913234,
      "sgld_sample_to_imp_prediction_agreement_mean": 0.9486300001541773,
      "sgld_chains": 3.0,
      "sgld_chain_start_accuracy_mean": 0.8619333333333333,
      "posterior_mean_abs_jaccard": 0.2543381259295984,
      "posterior_rms_jaccard": 0.2950491881948332,
      "posterior_snr_jaccard": 0.20922451905842993,
      "posterior_high_variance_jaccard": 0.27600554785020803,
      "posterior_low_variance_jaccard": 0.17119463009576716,
      "posterior_mean_abs_chainwise_jaccard": 0.258980720047443,
      "posterior_rms_chainwise_jaccard": 0.25897415967149867,
      "posterior_snr_chainwise_jaccard": 0.25517452682950187,
      "posterior_high_variance_chainwise_jaccard": 0.20652752910706393,
      "posterior_low_variance_chainwise_jaccard": 0.20792907856978227,
      "dense_imp_linear_barrier": 0.0,
      "dense_sample_linear_barrier_mean": 0.7412142556762695,
      "imp_sample_linear_barrier_mean": 0.8392426744079591
    },
    {
      "seed": 3.0,
      "dense_accuracy": 0.8649,
      "imp_accuracy": 0.8718,
      "imp_sparsity": 0.6569956616052061,
      "posterior_jaccard_mean": 0.2589557737456504,
      "random_jaccard_mean": 0.20709638010782924,
      "posterior_minus_random_jaccard": 0.05185939363782113,
      "jaccard_cohens_d": 44.31114539561378,
      "mannwhitney_greater_pvalue": 3.8054223870699986e-32,
      "dense_magnitude_to_imp_jaccard": 0.5745765019351576,
      "initial_magnitude_to_imp_jaccard": 0.5163604352793542,
      "snip_to_imp_jaccard": 0.33401440129183213,
      "synflow_to_imp_jaccard": 0.5047488058286712,
      "posterior_to_dense_magnitude_jaccard_mean": 0.2621177528294071,
      "posterior_to_chain_start_magnitude_jaccard_mean": 0.9154345175219647,
      "chain_start_magnitude_to_imp_jaccard_mean": 0.25872700195257736,
      "state_num_clusters": 3.0,
      "function_num_clusters": 3.0,
      "sgld_sample_accuracy_mean": 0.86921,
      "sgld_sample_to_dense_prediction_agreement_mean": 0.9424283325672149,
      "sgld_sample_to_imp_prediction_agreement_mean": 0.948049999276797,
      "sgld_chains": 3.0,
      "sgld_chain_start_accuracy_mean": 0.8629000000000001,
      "posterior_mean_abs_jaccard": 0.2560506391957304,
      "posterior_rms_jaccard": 0.2944901026510185,
      "posterior_snr_jaccard": 0.20976659394518993,
      "posterior_high_variance_jaccard": 0.27505669648481795,
      "posterior_low_variance_jaccard": 0.17231392991601505,
      "posterior_mean_abs_chainwise_jaccard": 0.25911166972670213,
      "posterior_rms_chainwise_jaccard": 0.25914434204199605,
      "posterior_snr_chainwise_jaccard": 0.2538655474747847,
      "posterior_high_variance_chainwise_jaccard": 0.20730774168772403,
      "posterior_low_variance_chainwise_jaccard": 0.20649238117622562,
      "dense_imp_linear_barrier": 0.09380839538574215,
      "dense_sample_linear_barrier_mean": 0.8450462371826172,
      "imp_sample_linear_barrier_mean": 0.7827622367858887
    },
    {
      "seed": 4.0,