{
  "num_runs": 5,
  "skipped": [],
  "runs": [
    {
      "seed": 0.0,
      "dense_accuracy": 0.8645,
      "imp_accuracy": 0.8593,
      "imp_sparsity": 0.9423552738611713,
      "posterior_jaccard_mean": 0.1316854405127676,
      "random_jaccard_mean": 0.029722951299121895,
      "posterior_minus_random_jaccard": 0.1019624892136457,
      "jaccard_cohens_d": 82.72456458650903,
      "mannwhitney_greater_pvalue": 3.7477458271654197e-32,
      "dense_magnitude_to_imp_jaccard": 0.4118501608384352,
      "initial_magnitude_to_imp_jaccard": 0.33300676006662094,
      "snip_to_imp_jaccard": 0.14509341861639455,
      "synflow_to_imp_jaccard": 0.34234411996842934,
      "posterior_to_dense_magnitude_jaccard_mean": 0.17044612359907554,
      "posterior_to_chain_start_magnitude_jaccard_mean": 0.9405695107530546,
      "chain_start_magnitude_to_imp_jaccard_mean": 0.13160240048538047,
      "state_num_clusters": 3.0,
      "function_num_clusters": 3.0,
      "sgld_sample_accuracy_mean": 0.8692216666666667,
      "sgld_sample_to_dense_prediction_agreement_mean": 0.9417800009250641,
      "sgld_sample_to_imp_prediction_agreement_mean": 0.9365599979956944,
      "sgld_chains": 3.0,
      "sgld_chain_start_accuracy_mean": 0.8623666666666666,
      "posterior_mean_abs_jaccard": 0.12894125456355793,
      "posterior_rms_jaccard": 0.15422463522225993,
      "posterior_snr_jaccard": 0.032478373045985734,
      "posterior_high_variance_jaccard": 0.1491554054054054,
      "posterior_low_variance_jaccard": 0.015297365868218789,
      "posterior_mean_abs_chainwise_jaccard": 0.1314766603545271,
      "posterior_rms_chainwise_jaccard": 0.13150799102305422,
      "posterior_snr_chainwise_jaccard": 0.10822140772238868,
      "posterior_high_variance_chainwise_jaccard": 0.03078383567895387,
      "posterior_low_variance_chainwise_jaccard": 0.027568845834636202,
      "dense_imp_linear_barrier": 0.0052661315917968965,
      "dense_sample_linear_barrier_mean": 0.7751988415527344,
      "imp_sample_linear_barrier_mean": 0.6266942306518555
    },
    {
      "seed": 1.0,
      "dense_accuracy": 0.8654,
      "imp_accuracy": 0.8571,
      "imp_sparsity": 0.9423552738611713,
      "posterior_jaccard_mean": 0.12799457116259735,
      "random_jaccard_mean": 0.029690427667234332,
      "posterior_minus_random_jaccard": 0.09830414349536302,
      "jaccard_cohens_d": 93.66429935945303,
      "mannwhitney_greater_pvalue": 3.715698881339044e-32,
      "dense_magnitude_to_imp_jaccard": 0.3771255060728745,
      "initial_magnitude_to_imp_jaccard": 0.3309204734422381,
      "snip_to_imp_jaccard": 0.14451547779273216,
      "synflow_to_imp_jaccard": 0.3360172820109976,
      "posterior_to_dense_magnitude_jaccard_mean": 0.168834337323745,
      "posterior_to_chain_start_magnitude_jaccard_mean": 0.9414092251479977,
      "chain_start_magnitude_to_imp_jaccard_mean": 0.1280988361126926,
      "state_num_clusters": 3.0,
      "function_num_clusters": 3.0,
      "sgld_sample_accuracy_mean": 0.8670950000000001,
      "sgld_sample_to_dense_prediction_agreement_mean": 0.9436633348464966,
      "sgld_sample_to_imp_prediction_agreement_mean": 0.929543337225914,
      "sgld_chains": 3.0,
      "sgld_chain_start_accuracy_mean": 0.8631000000000001,
      "posterior_mean_abs_jaccard": 0.12085015240135102,
      "posterior_rms_jaccard": 0.15197697062060792,
      "posterior_snr_jaccard": 0.03114816218264494,
      "posterior_high_variance_jaccard": 0.143265271825897,
      "posterior_low_variance_jaccard": 0.014389025572206069,
      "posterior_mean_abs_chainwise_jaccard": 0.128192418017394,
      "posterior_rms_chainwise_jaccard": 0.128192418017394,
      "posterior_snr_chainwise_jaccard": 0.10612191579372421,
      "posterior_high_variance_chainwise_jaccard": 0.02974478308874744,
      "posterior_low_variance_chainwise_jaccard": 0.02982269659924275,
      "dense_imp_linear_barrier": 0.06099306640625002,
      "dense_sample_linear_barrier_mean": 0.8625949920654297,
      "imp_sample_linear_barrier_mean": 0.7469349435424804
    },
    {
      "seed": 2.0,
      "dense_accuracy": 0.8619,
      "imp_accuracy": 0.8609,
      "imp_sparsity": 0.9423552738611713,
      "posterior_jaccard_mean": 0.12989269119482413,
      "random_jaccard_mean": 0.029755834281516194,
      "posterior_minus_random_jaccard": 0.10013685691330794,
      "jaccard_cohens_d": 51.46819276000953,
      "mannwhitney_greater_pvalue": 3.752460256196971e-32,
      "dense_magnitude_to_imp_jaccard": 0.40224672781613935,
      "initial_magnitude_to_imp_jaccard": 0.3267674305216967,
      "snip_to_imp_jaccard": 0.1441305079044736,
      "synflow_to_imp_jaccard": 0.33693622875110546,
      "posterior_to_dense_magnitude_jaccard_mean": 0.1717522352844257,
      "posterior_to_chain_start_magnitude_jaccard_mean": 0.9405508131937947,
      "chain_start_magnitude_to_imp_jaccard_mean": 0.12975897206838624,
      "state_num_clusters": 3.0,
      "function_num_clusters": 3.0,
      "sgld_sample_accuracy_mean": 0.8680966666666666,
      "sgld_sample_to_dense_prediction_agreement_mean": 0.942198337117831,
      "sgld_sample_to_imp_prediction_agreement_mean": 0.9420633325974147,
      "sgld_chains": 3.0,
      "sgld_chain_start_accuracy_mean": 0.8634000000000001,
      "posterior_mean_abs_jaccard": 0.13138200565441543,
      "posterior_rms_jaccard": 0.15726801054690823,
      "posterior_snr_jaccard": 0.03114816218264494,
      "posterior_high_variance_jaccard": 0.1434574333977645,
      "posterior_low_variance_jaccard": 0.013708836239010579,
      "posterior_mean_abs_chainwise_jaccard": 0.12982108751592,
      "posterior_rms_chainwise_jaccard": 0.12982108751592,
      "posterior_snr_chainwise_jaccard": 0.10786485465702335,
      "posterior_high_variance_chainwise_jaccard": 0.02893967118034005,
      "posterior_low_variance_chainwise_jaccard": 0.02961833092165887,
      "dense_imp_linear_barrier": 0.012788662719726562,
      "dense_sample_linear_barrier_mean": 0.7309195248413085,
      "imp_sample_linear_barrier_mean": 0.7963720159912109
    },
    {
      "seed": 3.0,
      "dense_accuracy": 0.8649,
      "imp_accuracy": 0.8636,
      "imp_sparsity": 0.9423552738611713,
      "posterior_jaccard_mean": 0.1305162229136726,
      "random_jaccard_mean": 0.02973354969671875,
      "posterior_minus_random_jaccard": 0.10078267321695385,
      "jaccard_cohens_d": 88.34621240050448,
      "mannwhitney_greater_pvalue": 3.723111388635045e-32,
      "dense_magnitude_to_imp_jaccard": 0.34207930558295524,
      "initial_magnitude_to_imp_jaccard": 0.3270262362235443,
      "snip_to_imp_jaccard": 0.15090509220098122,
      "synflow_to_imp_jaccard": 0.3403605556102847,
      "posterior_to_dense_magnitude_jaccard_mean": 0.16495395051249198,
      "posterior_to_chain_start_magnitude_jaccard_mean": 0.9395290316802627,
      "chain_start_magnitude_to_imp_jaccard_mean": 0.13059934265776105,
      "state_num_clusters": 3.0,
      "function_num_clusters": 3.0,
      "sgld_sample_accuracy_mean": 0.8674483333333334,
      "sgld_sample_to_dense_prediction_agreement_mean": 0.9405300031105678,
      "sgld_sample_to_imp_prediction_agreement_mean": 0.943016670147578,
      "sgld_chains": 3.0,
      "sgld_chain_start_accuracy_mean": 0.8624333333333333,
      "posterior_mean_abs_jaccard": 0.1226072607260726,
      "posterior_rms_jaccard": 0.15119722480751333,
      "posterior_snr_jaccard": 0.03114816218264494,
      "posterior_high_variance_jaccard": 0.14230543195365628,
      "posterior_low_variance_jaccard": 0.013406822583047817,
      "posterior_mean_abs_chainwise_jaccard": 0.13053641016147557,
      "posterior_rms_chainwise_jaccard": 0.13053641016147557,
      "posterior_snr_chainwise_jaccard": 0.10876822182666945,
      "posterior_high_variance_chainwise_jaccard": 0.029175432097050716,
      "posterior_low_variance_chainwise_jaccard": 0.029614277416731647,
      "dense_imp_linear_barrier": 0.11716152648925782,
      "dense_sample_linear_barrier_mean": 0.8806022775268556,