{
  "num_runs": 5,
  "skipped": [],
  "runs": [
    {
      "seed": 0.0,
      "dense_accuracy": 0.8645,
      "imp_accuracy": 0.8712,
      "imp_sparsity": 0.8319295688720174,
      "posterior_jaccard_mean": 0.21337504462682755,
      "random_jaccard_mean": 0.09169914820609341,
      "posterior_minus_random_jaccard": 0.12167589642073413,
      "jaccard_cohens_d": 99.20229879749007,
      "mannwhitney_greater_pvalue": 3.7979408030346103e-32,
      "dense_magnitude_to_imp_jaccard": 0.5678602482017232,
      "initial_magnitude_to_imp_jaccard": 0.39339655778011945,
      "snip_to_imp_jaccard": 0.207573589845058,
      "synflow_to_imp_jaccard": 0.38749956279948233,
      "posterior_to_dense_magnitude_jaccard_mean": 0.22008947659550337,
      "posterior_to_chain_start_magnitude_jaccard_mean": 0.9486244095014391,
      "chain_start_magnitude_to_imp_jaccard_mean": 0.2139307060636825,
      "state_num_clusters": 3.0,
      "function_num_clusters": 3.0,
      "sgld_sample_accuracy_mean": 0.8724983333333333,
      "sgld_sample_to_dense_prediction_agreement_mean": 0.941620002190272,
      "sgld_sample_to_imp_prediction_agreement_mean": 0.948331668972969,
      "sgld_chains": 3.0,
      "sgld_chain_start_accuracy_mean": 0.8625666666666666,
      "posterior_mean_abs_jaccard": 0.19408825477093491,
      "posterior_rms_jaccard": 0.287987012987013,
      "posterior_snr_jaccard": 0.09094409152160163,
      "posterior_high_variance_jaccard": 0.24595621721787744,
      "posterior_low_variance_jaccard": 0.05468853853720788,
      "posterior_mean_abs_chainwise_jaccard": 0.213459815080297,
      "posterior_rms_chainwise_jaccard": 0.21348458512169055,
      "posterior_snr_chainwise_jaccard": 0.12949083666790015,
      "posterior_high_variance_chainwise_jaccard": 0.12684985449519218,
      "posterior_low_variance_chainwise_jaccard": 0.0914807802468575,
      "dense_imp_linear_barrier": 0.0,
      "dense_sample_linear_barrier_mean": 0.7282397128295897,
      "imp_sample_linear_barrier_mean": 0.636707182006836
    },
    {
      "seed": 1.0,
      "dense_accuracy": 0.8654,
      "imp_accuracy": 0.8691,
      "imp_sparsity": 0.8319295688720174,
      "posterior_jaccard_mean": 0.21043866769215983,
      "random_jaccard_mean": 0.09163627002797696,
      "posterior_minus_random_jaccard": 0.11880239766418287,
      "jaccard_cohens_d": 81.76252889168617,
      "mannwhitney_greater_pvalue": 3.804520233515284e-32,
      "dense_magnitude_to_imp_jaccard": 0.5240693073110761,
      "initial_magnitude_to_imp_jaccard": 0.39305404361414475,
      "snip_to_imp_jaccard": 0.20266787933909353,
      "synflow_to_imp_jaccard": 0.38493227202904623,
      "posterior_to_dense_magnitude_jaccard_mean": 0.21778382306416721,
      "posterior_to_chain_start_magnitude_jaccard_mean": 0.9481923241348247,
      "chain_start_magnitude_to_imp_jaccard_mean": 0.21062169920315557,
      "state_num_clusters": 3.0,
      "function_num_clusters": 3.0,
      "sgld_sample_accuracy_mean": 0.872415,
      "sgld_sample_to_dense_prediction_agreement_mean": 0.9432016640901566,
      "sgld_sample_to_imp_prediction_agreement_mean": 0.9438800026973089,
      "sgld_chains": 3.0,
      "sgld_chain_start_accuracy_mean": 0.8654000000000001,
      "posterior_mean_abs_jaccard": 0.19096940766759735,
      "posterior_rms_jaccard": 0.28236625181832875,
      "posterior_snr_jaccard": 0.09154445147621275,
      "posterior_high_variance_jaccard": 0.24314499702297013,
      "posterior_low_variance_jaccard": 0.055670871254457396,
      "posterior_mean_abs_chainwise_jaccard": 0.21042464431653699,
      "posterior_rms_chainwise_jaccard": 0.2104369598812232,
      "posterior_snr_chainwise_jaccard": 0.13159890100522253,
      "posterior_high_variance_chainwise_jaccard": 0.12330142654257403,
      "posterior_low_variance_chainwise_jaccard": 0.0972989218655565,
      "dense_imp_linear_barrier": 0.04580869750976557,
      "dense_sample_linear_barrier_mean": 0.8453019375610349,
      "imp_sample_linear_barrier_mean": 0.8499091107177735
    },
    {
      "seed": 2.0,
      "dense_accuracy": 0.8619,
      "imp_accuracy": 0.8732,
      "imp_sparsity": 0.8319295688720174,
      "posterior_jaccard_mean": 0.20989452635621414,
      "random_jaccard_mean": 0.0917008800697513,
      "posterior_minus_random_jaccard": 0.11819364628646284,
      "jaccard_cohens_d": 85.75516463525653,
      "mannwhitney_greater_pvalue": 3.796770283515005e-32,
      "dense_magnitude_to_imp_jaccard": 0.5569684838494446,
      "initial_magnitude_to_imp_jaccard": 0.3913439955106622,
      "snip_to_imp_jaccard": 0.20522558104207808,
      "synflow_to_imp_jaccard": 0.3819892004877199,
      "posterior_to_dense_magnitude_jaccard_mean": 0.21855433091924606,
      "posterior_to_chain_start_magnitude_jaccard_mean": 0.9466029093477599,
      "chain_start_magnitude_to_imp_jaccard_mean": 0.2106711592595776,
      "state_num_clusters": 3.0,
      "function_num_clusters": 3.0,
      "sgld_sample_accuracy_mean": 0.8711616666666667,
      "sgld_sample_to_dense_prediction_agreement_mean": 0.943068332473437,
      "sgld_sample_to_imp_prediction_agreement_mean": 0.9533933301766714,
      "sgld_chains": 3.0,
      "sgld_chain_start_accuracy_mean": 0.8615333333333334,
      "posterior_mean_abs_jaccard": 0.19114821042517416,
      "posterior_rms_jaccard": 0.2817861643348735,
      "posterior_snr_jaccard": 0.09247631636924433,
      "posterior_high_variance_jaccard": 0.24501773216583497,
      "posterior_low_variance_jaccard": 0.05919419005153125,
      "posterior_mean_abs_chainwise_jaccard": 0.20982124241614655,
      "posterior_rms_chainwise_jaccard": 0.20984581205525832,
      "posterior_snr_chainwise_jaccard": 0.12917005394453854,
      "posterior_high_variance_chainwise_jaccard": 0.1222935350030732,
      "posterior_low_variance_chainwise_jaccard": 0.09266909695945198,
      "dense_imp_linear_barrier": 0.007345147705078159,
      "dense_sample_linear_barrier_mean": 0.7540636447143556,
      "imp_sample_linear_barrier_mean": 0.8717248762512207
    },
    {
      "seed": 3.0,
      "dense_accuracy": 0.8649,
      "imp_accuracy": 0.8722,
      "imp_sparsity": 0.8319295688720174,
      "posterior_jaccard_mean": 0.21042774059685979,
      "random_jaccard_mean": 0.09188036301974027,
      "posterior_minus_random_jaccard": 0.11854737757711951,
      "jaccard_cohens_d": 102.10170050383931,
      "mannwhitney_greater_pvalue": 3.7895747956436383e-32,
      "dense_magnitude_to_imp_jaccard": 0.46958583388901237,
      "initial_magnitude_to_imp_jaccard": 0.3954551850288448,
      "snip_to_imp_jaccard": 0.2104106914017209,
      "synflow_to_imp_jaccard": 0.3877907993702991,
      "posterior_to_dense_magnitude_jaccard_mean": 0.21426440518801643,
      "posterior_to_chain_start_magnitude_jaccard_mean": 0.947669263752223,
      "chain_start_magnitude_to_imp_jaccard_mean": 0.21089124437133586,
      "state_num_clusters": 3.0,
      "function_num_clusters": 3.0,
      "sgld_sample_accuracy_mean": 0.8730516666666667,
      "sgld_sample_to_dense_prediction_agreement_mean": 0.9442183355490367,
      "sgld_sample_to_imp_prediction_agreement_mean": 0.9532333344221116,
      "sgld_chains": 3.0,
      "sgld_chain_start_accuracy_mean": 0.8643333333333333,
      "posterior_mean_abs_jaccard": 0.19104092232863962,
      "posterior_rms_jaccard": 0.2805448852448433,
      "posterior_snr_jaccard": 0.09398268159505818,
      "posterior_high_variance_jaccard": 0.24205516766335827,
      "posterior_low_variance_jaccard": 0.05772563658178909,
      "posterior_mean_abs_chainwise_jaccard": 0.21049729993249655,
      "posterior_rms_chainwise_jaccard": 0.2104850083868243,
      "posterior_snr_chainwise_jaccard": 0.13336944348577126,
      "posterior_high_variance_chainwise_jaccard": 0.12220957667896533,
      "posterior_low_variance_chainwise_jaccard": 0.09573529312294597,
      "dense_imp_linear_barrier": 0.09585744018554687,
      "dense_sample_linear_barrier_mean": 0.9266078558349609,