{
  "num_runs": 5,
  "skipped": [],
  "runs": [
    {
      "seed": 0.0,
      "dense_accuracy": 0.9662,
      "imp_accuracy": 0.9701,
      "imp_sparsity": 0.9423552738611713,
      "posterior_jaccard_mean": 0.12842816608007826,
      "random_jaccard_mean": 0.029714904955084803,
      "posterior_minus_random_jaccard": 0.09871326112499346,
      "jaccard_cohens_d": 92.22885804599471,
      "mannwhitney_greater_pvalue": 3.742770794500626e-32,
      "dense_magnitude_to_imp_jaccard": 0.40717757782604197,
      "initial_magnitude_to_imp_jaccard": 0.3100327363758906,
      "snip_to_imp_jaccard": 0.15795744680851065,
      "synflow_to_imp_jaccard": 0.32444271391025015,
      "posterior_to_dense_magnitude_jaccard_mean": 0.16045494643245525,
      "posterior_to_chain_start_magnitude_jaccard_mean": 0.9413993699564936,
      "chain_start_magnitude_to_imp_jaccard_mean": 0.12803674963019374,
      "state_num_clusters": 3.0,
      "function_num_clusters": 3.0,
      "sgld_sample_accuracy_mean": 0.9690783333333334,
      "sgld_sample_to_dense_prediction_agreement_mean": 0.9780150026082992,
      "sgld_sample_to_imp_prediction_agreement_mean": 0.9784333308537801,
      "sgld_chains": 3.0,
      "sgld_chain_start_accuracy_mean": 0.968,
      "posterior_mean_abs_jaccard": 0.12959734329597344,
      "posterior_rms_jaccard": 0.15305084745762712,
      "posterior_snr_jaccard": 0.02842025699168556,
      "posterior_high_variance_jaccard": 0.14307317482987483,
      "posterior_low_variance_jaccard": 0.01197471178876906,
      "posterior_mean_abs_chainwise_jaccard": 0.12850458215082494,
      "posterior_rms_chainwise_jaccard": 0.12850458215082494,
      "posterior_snr_chainwise_jaccard": 0.11015220461746246,
      "posterior_high_variance_chainwise_jaccard": 0.030345570503103724,
      "posterior_low_variance_chainwise_jaccard": 0.028576763164822137,
      "dense_imp_linear_barrier": 0.006334055709838873,
      "dense_sample_linear_barrier_mean": 0.7787080567932129,
      "imp_sample_linear_barrier_mean": 0.8627255368232728
    },
    {
      "seed": 1.0,
      "dense_accuracy": 0.9674,
      "imp_accuracy": 0.9704,
      "imp_sparsity": 0.9423552738611713,
      "posterior_jaccard_mean": 0.1282687386109086,
      "random_jaccard_mean": 0.029878884937126857,
      "posterior_minus_random_jaccard": 0.09838985367378174,
      "jaccard_cohens_d": 57.89504435724366,
      "mannwhitney_greater_pvalue": 3.76092506798962e-32,
      "dense_magnitude_to_imp_jaccard": 0.4052881636025615,
      "initial_magnitude_to_imp_jaccard": 0.3094023674333558,
      "snip_to_imp_jaccard": 0.15100245326114542,
      "synflow_to_imp_jaccard": 0.317134559535334,
      "posterior_to_dense_magnitude_jaccard_mean": 0.16266995025631978,
      "posterior_to_chain_start_magnitude_jaccard_mean": 0.94176874013107,
      "chain_start_magnitude_to_imp_jaccard_mean": 0.1277920447307714,
      "state_num_clusters": 3.0,
      "function_num_clusters": 3.0,
      "sgld_sample_accuracy_mean": 0.9682433333333333,
      "sgld_sample_to_dense_prediction_agreement_mean": 0.9816899995009104,
      "sgld_sample_to_imp_prediction_agreement_mean": 0.9761416673660278,
      "sgld_chains": 3.0,
      "sgld_chain_start_accuracy_mean": 0.9669,
      "posterior_mean_abs_jaccard": 0.12529980977586636,
      "posterior_rms_jaccard": 0.14934955228923805,
      "posterior_snr_jaccard": 0.025552121805984773,
      "posterior_high_variance_jaccard": 0.14201779419170724,
      "posterior_low_variance_jaccard": 0.01002152772622671,
      "posterior_mean_abs_chainwise_jaccard": 0.1282262431859802,
      "posterior_rms_chainwise_jaccard": 0.1281949956812333,
      "posterior_snr_chainwise_jaccard": 0.11148318280816559,
      "posterior_high_variance_chainwise_jaccard": 0.029951365002800826,
      "posterior_low_variance_chainwise_jaccard": 0.02964048562318229,
      "dense_imp_linear_barrier": 0.013496823501586916,
      "dense_sample_linear_barrier_mean": 0.9005101207160949,
      "imp_sample_linear_barrier_mean": 0.9353732530403139
    },
    {
      "seed": 2.0,
      "dense_accuracy": 0.9669,
      "imp_accuracy": 0.9707,
      "imp_sparsity": 0.9423552738611713,
      "posterior_jaccard_mean": 0.12439885124617577,
      "random_jaccard_mean": 0.029591814622896014,
      "posterior_minus_random_jaccard": 0.09480703662327974,
      "jaccard_cohens_d": 57.833842912765775,
      "mannwhitney_greater_pvalue": 3.746768081940059e-32,
      "dense_magnitude_to_imp_jaccard": 0.4125830564784053,
      "initial_magnitude_to_imp_jaccard": 0.3124336838043793,
      "snip_to_imp_jaccard": 0.165196540207245,
      "synflow_to_imp_jaccard": 0.3203299369238234,
      "posterior_to_dense_magnitude_jaccard_mean": 0.15957247886169104,
      "posterior_to_chain_start_magnitude_jaccard_mean": 0.94366742477251,
      "chain_start_magnitude_to_imp_jaccard_mean": 0.12427867441197908,
      "state_num_clusters": 3.0,
      "function_num_clusters": 3.0,
      "sgld_sample_accuracy_mean": 0.9682349999999998,
      "sgld_sample_to_dense_prediction_agreement_mean": 0.9788666655619939,
      "sgld_sample_to_imp_prediction_agreement_mean": 0.9775950034459432,
      "sgld_chains": 3.0,
      "sgld_chain_start_accuracy_mean": 0.9671666666666666,
      "posterior_mean_abs_jaccard": 0.12474167148879887,
      "posterior_rms_jaccard": 0.14461176074703458,
      "posterior_snr_jaccard": 0.026093514328808447,
      "posterior_high_variance_jaccard": 0.14163450243329417,
      "posterior_low_variance_jaccard": 0.010771859445806404,
      "posterior_mean_abs_chainwise_jaccard": 0.12443426411996228,
      "posterior_rms_chainwise_jaccard": 0.12443426411996228,
      "posterior_snr_chainwise_jaccard": 0.1115116891708226,
      "posterior_high_variance_chainwise_jaccard": 0.028679868009050216,
      "posterior_low_variance_chainwise_jaccard": 0.028342857796525876,
      "dense_imp_linear_barrier": 0.010249141693115235,
      "dense_sample_linear_barrier_mean": 0.7190044425964356,
      "imp_sample_linear_barrier_mean": 0.8686714636802673
    },
    {
      "seed": 3.0,
      "dense_accuracy": 0.967,
      "imp_accuracy": 0.9685,
      "imp_sparsity": 0.9423552738611713,
      "posterior_jaccard_mean": 0.12662135723605109,
      "random_jaccard_mean": 0.029879445146370136,
      "posterior_minus_random_jaccard": 0.09674191208968094,
      "jaccard_cohens_d": 52.02350411473713,
      "mannwhitney_greater_pvalue": 3.7446356795619624e-32,
      "dense_magnitude_to_imp_jaccard": 0.3895016339869281,
      "initial_magnitude_to_imp_jaccard": 0.31116893129035367,
      "snip_to_imp_jaccard": 0.1630053850756475,
      "synflow_to_imp_jaccard": 0.318666408218647,
      "posterior_to_dense_magnitude_jaccard_mean": 0.16241528646255546,
      "posterior_to_chain_start_magnitude_jaccard_mean": 0.942538954473151,
      "chain_start_magnitude_to_imp_jaccard_mean": 0.12688769766268107,
      "state_num_clusters": 3.0,
      "function_num_clusters": 3.0,
      "sgld_sample_accuracy_mean": 0.9678633333333334,
      "sgld_sample_to_dense_prediction_agreement_mean": 0.9789383331934611,
      "sgld_sample_to_imp_prediction_agreement_mean": 0.9761049975951512,
      "sgld_chains": 3.0,
      "sgld_chain_start_accuracy_mean": 0.9664999999999999,
      "posterior_mean_abs_jaccard": 0.1268842140135829,
      "posterior_rms_jaccard": 0.15226964769647697,
      "posterior_snr_jaccard": 0.030445319600121177,
      "posterior_high_variance_jaccard": 0.1421136573491144,
      "posterior_low_variance_jaccard": 0.012125269657070595,
      "posterior_mean_abs_chainwise_jaccard": 0.12667127399548567,
      "posterior_rms_chainwise_jaccard": 0.12664002130270877,
      "posterior_snr_chainwise_jaccard": 0.10942932963614378,
      "posterior_high_variance_chainwise_jaccard": 0.029070065073713607,
      "posterior_low_variance_chainwise_jaccard": 0.028734041279688094,
      "dense_imp_linear_barrier": 0.01876565246582032,
      "dense_sample_linear_barrier_mean": 0.9401101330566405,