{
  "num_runs": 5,
  "skipped": [],
  "runs": [
    {
      "seed": 0.0,
      "dense_accuracy": 0.9662,
      "imp_accuracy": 0.9723,
      "imp_sparsity": 0.6569956616052061,
      "posterior_jaccard_mean": 0.2662508133646369,
      "random_jaccard_mean": 0.2071632549347476,
      "posterior_minus_random_jaccard": 0.0590875584298893,
      "jaccard_cohens_d": 35.28754352147261,
      "mannwhitney_greater_pvalue": 3.806595497335843e-32,
      "dense_magnitude_to_imp_jaccard": 0.7229931046224568,
      "initial_magnitude_to_imp_jaccard": 0.5515820540830603,
      "snip_to_imp_jaccard": 0.35513784041645047,
      "synflow_to_imp_jaccard": 0.5411265299906726,
      "posterior_to_dense_magnitude_jaccard_mean": 0.27059653596361505,
      "posterior_to_chain_start_magnitude_jaccard_mean": 0.9113085740150353,
      "chain_start_magnitude_to_imp_jaccard_mean": 0.26622780304563554,
      "state_num_clusters": 3.0,
      "function_num_clusters": 3.0,
      "sgld_sample_accuracy_mean": 0.9692916666666668,
      "sgld_sample_to_dense_prediction_agreement_mean": 0.9784750034411748,
      "sgld_sample_to_imp_prediction_agreement_mean": 0.9814783384402593,
      "sgld_chains": 3.0,
      "sgld_chain_start_accuracy_mean": 0.9683999999999999,
      "posterior_mean_abs_jaccard": 0.26066645904702584,
      "posterior_rms_jaccard": 0.31162413932766303,
      "posterior_snr_jaccard": 0.2066652755835097,
      "posterior_high_variance_jaccard": 0.29091923782189266,
      "posterior_low_variance_jaccard": 0.16300116357576888,
      "posterior_mean_abs_chainwise_jaccard": 0.2661902139074343,
      "posterior_rms_chainwise_jaccard": 0.26619021349310173,
      "posterior_snr_chainwise_jaccard": 0.2598203624810688,
      "posterior_high_variance_chainwise_jaccard": 0.2065215354015816,
      "posterior_low_variance_chainwise_jaccard": 0.20614504579691476,
      "dense_imp_linear_barrier": 0.0,
      "dense_sample_linear_barrier_mean": 0.7476201100158691,
      "imp_sample_linear_barrier_mean": 0.8256919372940065
    },
    {
      "seed": 1.0,
      "dense_accuracy": 0.9674,
      "imp_accuracy": 0.9729,
      "imp_sparsity": 0.6569956616052061,
      "posterior_jaccard_mean": 0.2675211983902678,
      "random_jaccard_mean": 0.2070869959908618,
      "posterior_minus_random_jaccard": 0.06043420239940597,
      "jaccard_cohens_d": 47.89590550998683,
      "mannwhitney_greater_pvalue": 3.8074078563570255e-32,
      "dense_magnitude_to_imp_jaccard": 0.7318387952425772,
      "initial_magnitude_to_imp_jaccard": 0.5438007703748904,
      "snip_to_imp_jaccard": 0.35113484646194926,
      "synflow_to_imp_jaccard": 0.534670356750199,
      "posterior_to_dense_magnitude_jaccard_mean": 0.2733139184082377,
      "posterior_to_chain_start_magnitude_jaccard_mean": 0.911613799296053,
      "chain_start_magnitude_to_imp_jaccard_mean": 0.26731115976994174,
      "state_num_clusters": 3.0,
      "function_num_clusters": 3.0,
      "sgld_sample_accuracy_mean": 0.9685516666666667,
      "sgld_sample_to_dense_prediction_agreement_mean": 0.9799016684293747,
      "sgld_sample_to_imp_prediction_agreement_mean": 0.9820399979750315,
      "sgld_chains": 3.0,
      "sgld_chain_start_accuracy_mean": 0.9674999999999999,
      "posterior_mean_abs_jaccard": 0.2628492099393221,
      "posterior_rms_jaccard": 0.3125597834016958,
      "posterior_snr_jaccard": 0.20578466854325841,
      "posterior_high_variance_jaccard": 0.2899114141864763,
      "posterior_low_variance_jaccard": 0.16008482833724996,
      "posterior_mean_abs_chainwise_jaccard": 0.2676085538087694,
      "posterior_rms_chainwise_jaccard": 0.26760856936560823,
      "posterior_snr_chainwise_jaccard": 0.26135393583431077,
      "posterior_high_variance_chainwise_jaccard": 0.20751222501007818,
      "posterior_low_variance_chainwise_jaccard": 0.20694833621335482,
      "dense_imp_linear_barrier": 0.0013835571289062543,
      "dense_sample_linear_barrier_mean": 0.9033255709266662,
      "imp_sample_linear_barrier_mean": 0.906328087863922
    },
    {
      "seed": 2.0,
      "dense_accuracy": 0.9669,
      "imp_accuracy": 0.9731,
      "imp_sparsity": 0.6569956616052061,
      "posterior_jaccard_mean": 0.2667396257034534,
      "random_jaccard_mean": 0.20708391029403125,
      "posterior_minus_random_jaccard": 0.05965571540942213,
      "jaccard_cohens_d": 53.569035839594356,
      "mannwhitney_greater_pvalue": 3.80731758592871e-32,
      "dense_magnitude_to_imp_jaccard": 0.7330250877643634,
      "initial_magnitude_to_imp_jaccard": 0.5528617462022403,
      "snip_to_imp_jaccard": 0.3586628180170504,
      "synflow_to_imp_jaccard": 0.5432710636675563,
      "posterior_to_dense_magnitude_jaccard_mean": 0.2700514334877624,
      "posterior_to_chain_start_magnitude_jaccard_mean": 0.9116634114511197,
      "chain_start_magnitude_to_imp_jaccard_mean": 0.26713893147648976,
      "state_num_clusters": 3.0,
      "function_num_clusters": 3.0,
      "sgld_sample_accuracy_mean": 0.9681383333333337,
      "sgld_sample_to_dense_prediction_agreement_mean": 0.9773966709772746,
      "sgld_sample_to_imp_prediction_agreement_mean": 0.9815433273712794,
      "sgld_chains": 3.0,
      "sgld_chain_start_accuracy_mean": 0.9674666666666667,
      "posterior_mean_abs_jaccard": 0.26117705704582983,
      "posterior_rms_jaccard": 0.3123257472605848,
      "posterior_snr_jaccard": 0.20749313924352702,
      "posterior_high_variance_jaccard": 0.2906311275486617,
      "posterior_low_variance_jaccard": 0.16178285451884167,
      "posterior_mean_abs_chainwise_jaccard": 0.2667158804029303,
      "posterior_rms_chainwise_jaccard": 0.26673561840541193,
      "posterior_snr_chainwise_jaccard": 0.2607662242352318,
      "posterior_high_variance_chainwise_jaccard": 0.20663851411193104,
      "posterior_low_variance_chainwise_jaccard": 0.2080824312288421,
      "dense_imp_linear_barrier": 0.0,
      "dense_sample_linear_barrier_mean": 0.7163712956237792,
      "imp_sample_linear_barrier_mean": 0.7920439372825623
    },
    {
      "seed": 3.0,
      "dense_accuracy": 0.967,
      "imp_accuracy": 0.9723,
      "imp_sparsity": 0.6569956616052061,
      "posterior_jaccard_mean": 0.26655720620655354,
      "random_jaccard_mean": 0.20696485317684107,
      "posterior_minus_random_jaccard": 0.05959235302971247,
      "jaccard_cohens_d": 53.116371923462246,
      "mannwhitney_greater_pvalue": 3.8070467871164586e-32,
      "dense_magnitude_to_imp_jaccard": 0.7195531200883565,
      "initial_magnitude_to_imp_jaccard": 0.5447138959378757,
      "snip_to_imp_jaccard": 0.3662290323669378,
      "synflow_to_imp_jaccard": 0.5383446074333055,
      "posterior_to_dense_magnitude_jaccard_mean": 0.2715291421180835,
      "posterior_to_chain_start_magnitude_jaccard_mean": 0.9105536346917318,
      "chain_start_magnitude_to_imp_jaccard_mean": 0.26686756631470293,
      "state_num_clusters": 3.0,
      "function_num_clusters": 3.0,
      "sgld_sample_accuracy_mean": 0.9685066666666666,
      "sgld_sample_to_dense_prediction_agreement_mean": 0.9804433355728785,
      "sgld_sample_to_imp_prediction_agreement_mean": 0.9818583299716314,
      "sgld_chains": 3.0,
      "sgld_chain_start_accuracy_mean": 0.9677333333333333,
      "posterior_mean_abs_jaccard": 0.2644073090738716,
      "posterior_rms_jaccard": 0.31264490815052615,
      "posterior_snr_jaccard": 0.20889950724204867,
      "posterior_high_variance_jaccard": 0.2892335621128398,
      "posterior_low_variance_jaccard": 0.16383709730747667,
      "posterior_mean_abs_chainwise_jaccard": 0.2664050003952531,
      "posterior_rms_chainwise_jaccard": 0.266424802823288,
      "posterior_snr_chainwise_jaccard": 0.2609023927941138,
      "posterior_high_variance_chainwise_jaccard": 0.20697227742904553,
      "posterior_low_variance_chainwise_jaccard": 0.2077223463912227,
      "dense_imp_linear_barrier": 0.002810911178588865,
      "dense_sample_linear_barrier_mean": 0.9348445043945313,