{
  "num_runs": 5,
  "skipped": [],
  "runs": [
    {
      "seed": 0.0,
      "dense_accuracy": 0.9662,
      "imp_accuracy": 0.9748,
      "imp_sparsity": 0.8319295688720174,
      "posterior_jaccard_mean": 0.2379575677110324,
      "random_jaccard_mean": 0.0918392797539839,
      "posterior_minus_random_jaccard": 0.1461182879570485,
      "jaccard_cohens_d": 118.38637106498284,
      "mannwhitney_greater_pvalue": 3.801093944181935e-32,
      "dense_magnitude_to_imp_jaccard": 0.5823062502492921,
      "initial_magnitude_to_imp_jaccard": 0.3887624715561001,
      "snip_to_imp_jaccard": 0.2525654384136908,
      "synflow_to_imp_jaccard": 0.395111658167751,
      "posterior_to_dense_magnitude_jaccard_mean": 0.24531741416736602,
      "posterior_to_chain_start_magnitude_jaccard_mean": 0.9302305305295632,
      "chain_start_magnitude_to_imp_jaccard_mean": 0.23913315005393834,
      "state_num_clusters": 3.0,
      "function_num_clusters": 3.0,
      "sgld_sample_accuracy_mean": 0.9691283333333334,
      "sgld_sample_to_dense_prediction_agreement_mean": 0.9777616649866104,
      "sgld_sample_to_imp_prediction_agreement_mean": 0.9816666652758916,
      "sgld_chains": 3.0,
      "sgld_chain_start_accuracy_mean": 0.9674999999999999,
      "posterior_mean_abs_jaccard": 0.21207491826820252,
      "posterior_rms_jaccard": 0.3055354439544527,
      "posterior_snr_jaccard": 0.09028445788099491,
      "posterior_high_variance_jaccard": 0.2674526342694655,
      "posterior_low_variance_jaccard": 0.04736508607033477,
      "posterior_mean_abs_chainwise_jaccard": 0.23811453498772275,
      "posterior_rms_chainwise_jaccard": 0.23810163246506114,
      "posterior_snr_chainwise_jaccard": 0.2031545849703603,
      "posterior_high_variance_chainwise_jaccard": 0.09185555365019071,
      "posterior_low_variance_chainwise_jaccard": 0.09161463038314611,
      "dense_imp_linear_barrier": 0.0,
      "dense_sample_linear_barrier_mean": 0.774568341217041,
      "imp_sample_linear_barrier_mean": 0.949700095977783
    },
    {
      "seed": 1.0,
      "dense_accuracy": 0.9674,
      "imp_accuracy": 0.9739,
      "imp_sparsity": 0.8319295688720174,
      "posterior_jaccard_mean": 0.2369653284483525,
      "random_jaccard_mean": 0.0917207862430094,
      "posterior_minus_random_jaccard": 0.1452445422053431,
      "jaccard_cohens_d": 72.43069443494369,
      "mannwhitney_greater_pvalue": 3.7985712279489866e-32,
      "dense_magnitude_to_imp_jaccard": 0.5968923597133886,
      "initial_magnitude_to_imp_jaccard": 0.38064246684996345,
      "snip_to_imp_jaccard": 0.251301138693499,
      "synflow_to_imp_jaccard": 0.3853675571852628,
      "posterior_to_dense_magnitude_jaccard_mean": 0.24625281648158812,
      "posterior_to_chain_start_magnitude_jaccard_mean": 0.9284702438440937,
      "chain_start_magnitude_to_imp_jaccard_mean": 0.23820738718095735,
      "state_num_clusters": 3.0,
      "function_num_clusters": 3.0,
      "sgld_sample_accuracy_mean": 0.9684400000000001,
      "sgld_sample_to_dense_prediction_agreement_mean": 0.9814783314863841,
      "sgld_sample_to_imp_prediction_agreement_mean": 0.9813783327738445,
      "sgld_chains": 3.0,
      "sgld_chain_start_accuracy_mean": 0.9655999999999999,
      "posterior_mean_abs_jaccard": 0.20908259676927765,
      "posterior_rms_jaccard": 0.2996330756126327,
      "posterior_snr_jaccard": 0.08980522513117771,
      "posterior_high_variance_jaccard": 0.26619853175869773,
      "posterior_low_variance_jaccard": 0.04479970502251837,
      "posterior_mean_abs_chainwise_jaccard": 0.2371922703873759,
      "posterior_rms_chainwise_jaccard": 0.23719214774273914,
      "posterior_snr_chainwise_jaccard": 0.2034842648128589,
      "posterior_high_variance_chainwise_jaccard": 0.09153537841707848,
      "posterior_low_variance_chainwise_jaccard": 0.0924363582831983,
      "dense_imp_linear_barrier": 0.0051125370025634775,
      "dense_sample_linear_barrier_mean": 0.8899461666870115,
      "imp_sample_linear_barrier_mean": 0.9308250109291076
    },
    {
      "seed": 2.0,
      "dense_accuracy": 0.9669,
      "imp_accuracy": 0.9747,
      "imp_sparsity": 0.8319295688720174,
      "posterior_jaccard_mean": 0.23581161512258855,
      "random_jaccard_mean": 0.09178519566988307,
      "posterior_minus_random_jaccard": 0.1440264194527055,
      "jaccard_cohens_d": 93.40475629431353,
      "mannwhitney_greater_pvalue": 3.8006433398216993e-32,
      "dense_magnitude_to_imp_jaccard": 0.6082867104516338,
      "initial_magnitude_to_imp_jaccard": 0.3857063015229845,
      "snip_to_imp_jaccard": 0.259245151255436,
      "synflow_to_imp_jaccard": 0.3854159390933855,
      "posterior_to_dense_magnitude_jaccard_mean": 0.24130948049183734,
      "posterior_to_chain_start_magnitude_jaccard_mean": 0.9296591214655259,
      "chain_start_magnitude_to_imp_jaccard_mean": 0.2367383625859154,
      "state_num_clusters": 3.0,
      "function_num_clusters": 3.0,
      "sgld_sample_accuracy_mean": 0.9679366666666667,
      "sgld_sample_to_dense_prediction_agreement_mean": 0.977043334643046,
      "sgld_sample_to_imp_prediction_agreement_mean": 0.9807283341884613,
      "sgld_chains": 3.0,
      "sgld_chain_start_accuracy_mean": 0.9658333333333333,
      "posterior_mean_abs_jaccard": 0.21203788573174456,
      "posterior_rms_jaccard": 0.3007836836410139,
      "posterior_snr_jaccard": 0.08837005130456253,
      "posterior_high_variance_jaccard": 0.26619853175869773,
      "posterior_low_variance_jaccard": 0.04515755084835072,
      "posterior_mean_abs_chainwise_jaccard": 0.2359559165611338,
      "posterior_rms_chainwise_jaccard": 0.23599444603752096,
      "posterior_snr_chainwise_jaccard": 0.20140548193369348,
      "posterior_high_variance_chainwise_jaccard": 0.09135482261515222,
      "posterior_low_variance_chainwise_jaccard": 0.09221605957141542,
      "dense_imp_linear_barrier": 0.0,
      "dense_sample_linear_barrier_mean": 0.714370983428955,
      "imp_sample_linear_barrier_mean": 0.789941775341034
    },
    {
      "seed": 3.0,
      "dense_accuracy": 0.967,
      "imp_accuracy": 0.9725,
      "imp_sparsity": 0.8319295688720174,
      "posterior_jaccard_mean": 0.23725370857058523,
      "random_jaccard_mean": 0.09177081908143801,
      "posterior_minus_random_jaccard": 0.14548288948914723,
      "jaccard_cohens_d": 116.80166683419237,
      "mannwhitney_greater_pvalue": 3.801905162798115e-32,
      "dense_magnitude_to_imp_jaccard": 0.5823693657758277,
      "initial_magnitude_to_imp_jaccard": 0.3822299651567944,
      "snip_to_imp_jaccard": 0.26830359997442293,
      "synflow_to_imp_jaccard": 0.3901251007463994,
      "posterior_to_dense_magnitude_jaccard_mean": 0.24477800226568538,
      "posterior_to_chain_start_magnitude_jaccard_mean": 0.9300751413120029,
      "chain_start_magnitude_to_imp_jaccard_mean": 0.2382821015680996,
      "state_num_clusters": 3.0,
      "function_num_clusters": 3.0,
      "sgld_sample_accuracy_mean": 0.9679066666666666,
      "sgld_sample_to_dense_prediction_agreement_mean": 0.9799616634845734,
      "sgld_sample_to_imp_prediction_agreement_mean": 0.9814750025669734,
      "sgld_chains": 3.0,
      "sgld_chain_start_accuracy_mean": 0.9673333333333334,
      "posterior_mean_abs_jaccard": 0.2094512195121951,
      "posterior_rms_jaccard": 0.29882460792980386,
      "posterior_snr_jaccard": 0.09124418892526064,
      "posterior_high_variance_jaccard": 0.26806035033883135,
      "posterior_low_variance_jaccard": 0.04863864657679091,
      "posterior_mean_abs_chainwise_jaccard": 0.23729104271283763,
      "posterior_rms_chainwise_jaccard": 0.23729103074731397,
      "posterior_snr_chainwise_jaccard": 0.2019053772166974,
      "posterior_high_variance_chainwise_jaccard": 0.09072582400277175,
      "posterior_low_variance_chainwise_jaccard": 0.09217587036052349,
      "dense_imp_linear_barrier": 0.008090806961059571,
      "dense_sample_linear_barrier_mean": 0.9465510604858398,